class_idx,class_name,centroid_y,centroid_x
0,0,0.5007621645927429,0.49374401569366455
1,1,0.6276013255119324,0.5797814130783081
2,2,0.441573828458786,0.3881448805332184
3,3,0.612095832824707,0.5713865160942078
4,4,0.3083823323249817,0.5609984993934631
5,5,0.48718056082725525,0.6797423362731934
6,6,0.38815838098526,0.539131224155426
7,7,0.45165544748306274,0.3953038156032562
