level,mean_deviation_px,n_terms
3,37.23101302048955,6776
4,36.78334003778388,6776
