level,mean_deviation_px,n_terms
3,36.79415320364897,6776
4,38.2157452542779,6776
