frac_l1,frac_l2,frac_l3,frac_l4
0.6144906036124742,0.24027264807835097,0.048479978703270275,0.09675676960590457
