frac_l1,frac_l2,frac_l3,frac_l4
0.14259477095170456,0.6617752579618091,0.02060885468790354,0.17502111639858278
