faithfulness,faithfulness_std
0.0928143420468087,0.039165794066010014
