stability,stability_std
3.3816478300094603,0.5948293272221351
