patch_faithfulness,patch_faithfulness_std
0.21221336322364392,0.12084682355651284
