patch_faithfulness,patch_faithfulness_std
0.16113306408224445,0.08914923277943397
