faithfulness,faithfulness_std
0.08325503239086297,0.03714479344147618
