patch_faithfulness,patch_faithfulness_std
0.3015194052271065,0.10799287002381436
