patch_faithfulness,patch_faithfulness_std
0.2585020986982127,0.09807813599237844
