patch_faithfulness,patch_faithfulness_std
0.1586577374164914,0.12979713981882507
