patch_faithfulness,patch_faithfulness_std
0.20922795830762037,0.0724380381295324
