patch_faithfulness,patch_faithfulness_std
0.20025831416684173,0.14628815966780712
