stability,stability_std
9.236720581054687,1.1362494954438203
