stability,stability_std
3.792288751602173,0.6365276417540952
