faithfulness,faithfulness_std
0.06885094254144618,0.04674005820701928
