frac_l1,frac_l2,frac_l3,frac_l4
0.4185059287331321,0.08536069255229856,0.21292691191365895,0.2832064668009104
