frac_l1,frac_l2,frac_l3,frac_l4
0.3424966985529119,0.44228000483237023,0.1720845561382199,0.04313874047649793
