frac_l3,frac_l4,frac_l1,frac_l2
0.5094750144264915,0.49052498557350854,0.0,0.0
