frac_l1,frac_l2,frac_l3,frac_l4
0.2810823109524309,0.45018872347745026,0.14325184467410254,0.12547712089601626
