faithfulness,faithfulness_std
0.21807787840349221,0.06124118486211868
