stability,stability_std
13.631596450805665,0.8379510219294208
