faithfulness,faithfulness_std
0.012267099358049226,0.060593769391980024
