stability,stability_std
14.382716789245606,3.4837139326990676
