stability,stability_std
16.99966756820679,1.553970704061343
