faithfulness,faithfulness_std
0.03492472112232558,0.06084404917786927
