stability,stability_std
10.920774869918823,2.5529169593372663
