stability,stability_std
10.291146154403686,1.448085319079926
