faithfulness,faithfulness_std
0.16029930914809232,0.12073856287046583
