faithfulness,faithfulness_std
0.060075500066216245,0.06454644280785615
