weight_l1,purity_l1,ap_l1,compact_l1,effective_purity,effective_ap,effective_compactness
1.0,0.15928571428571428,0.1658916454587666,0.162951457036006,0.15928571428571428,0.1658916454587666,0.162951457036006
