stability,stability_std
11.9378129863739,2.9595251481585114
