faithfulness,faithfulness_std
0.04745277179961466,0.0455948209118225
